signup_month,age_month,cohort_size,retained,retention_pct
2025-01,0,73,73,100.0
2025-01,1,73,65,89.04
2025-01,2,73,62,84.93
2025-01,3,73,56,76.71
2025-01,4,73,50,68.49
2025-01,5,73,48,65.75
2025-01,6,73,47,64.38
2025-01,7,73,43,58.9
2025-01,8,73,40,54.79
2025-01,9,73,35,47.95
2025-01,10,73,34,46.58
2025-01,11,73,32,43.84
2025-02,0,62,62,100.0
2025-02,1,62,57,91.94
2025-02,2,62,54,87.1
2025-02,3,62,51,82.26
2025-02,4,62,48,77.42
2025-02,5,62,47,75.81
2025-02,6,62,45,72.58
2025-02,7,62,38,61.29
2025-02,8,62,36,58.06
2025-02,9,62,33,53.23
2025-02,10,62,28,45.16
2025-03,0,55,55,100.0
2025-03,1,55,50,90.91
2025-03,2,55,46,83.64
2025-03,3,55,44,80.0
2025-03,4,55,40,72.73
2025-03,5,55,37,67.27
2025-03,6,55,36,65.45
2025-03,7,55,33,60.0
2025-03,8,55,31,56.36
2025-03,9,55,29,52.73
2025-04,0,54,54,100.0
2025-04,1,54,49,90.74
2025-04,2,54,47,87.04
2025-04,3,54,44,81.48
2025-04,4,54,42,77.78
2025-04,5,54,39,72.22
2025-04,6,54,36,66.67
2025-04,7,54,34,62.96
2025-04,8,54,33,61.11
2025-05,0,55,55,100.0
2025-05,1,55,49,89.09
2025-05,2,55,45,81.82
2025-05,3,55,40,72.73
2025-05,4,55,37,67.27
2025-05,5,55,34,61.82
2025-05,6,55,32,58.18
2025-05,7,55,31,56.36
2025-06,0,61,61,100.0
2025-06,1,61,58,95.08
2025-06,2,61,53,86.89
2025-06,3,61,52,85.25
2025-06,4,61,50,81.97
2025-06,5,61,48,78.69
2025-06,6,61,45,73.77
