month,opening_mrr,new_mrr,churned_mrr,closing_mrr,opening_customers,churned_customers,logo_churn_pct
2025-01,0.0,3817.0,0.0,3817.0,0,0,
2025-02,3817.0,3498.0,382.0,6933.0,73,8,10.96
2025-03,6933.0,2695.0,382.0,9246.0,127,8,6.3
2025-04,9246.0,2666.0,806.0,11106.0,174,14,8.05
2025-05,11106.0,3045.0,1072.0,13079.0,214,18,8.41
2025-06,13079.0,3219.0,835.0,15463.0,251,15,5.98
2025-07,15463.0,0.0,814.0,14649.0,297,16,5.39
2025-08,14649.0,0.0,1209.0,13440.0,281,21,7.47
2025-09,13440.0,0.0,1072.0,12368.0,260,18,6.92
2025-10,12368.0,0.0,872.0,11496.0,242,18,7.44
2025-11,11496.0,0.0,548.0,10948.0,224,12,5.36
2025-12,10948.0,0.0,556.0,10392.0,212,14,6.6
